timestamp,latitude,longitude,type,amplitude_ka,height_m,num_sensors
2026-09-12T13:00:56.528559696Z,16.11887,121.445391,Cloud to Cloud,7913,12447,6
2026-09-12T13:01:00.006561596Z,18.732982,111.896842,Cloud to Ground,112177,0,10
2026-09-12T13:01:02.621475323Z,16.29906,121.621405,Cloud to Cloud,-18743,3143,8
2026-09-12T13:01:02.836440776Z,16.398992,121.490119,Cloud to Cloud,8226,3003,6
2026-09-12T13:01:08.253216495Z,21.054125,130.905532,Cloud to Ground,9126,0,7
2026-09-12T13:01:10.290019865Z,4.949561,115.045595,Cloud to Ground,-18472,0,10
2026-09-12T13:01:11.530378897Z,4.95459,115.007284,Cloud to Cloud,-24364,17425,6
2026-09-12T13:01:11.642013529Z,5.021825,114.84355,Cloud to Cloud,-10301,3725,7
2026-09-12T13:01:11.602877319Z,4.991819,114.799282,Cloud to Cloud,25894,4451,8
2026-09-12T13:01:11.624591000Z,4.9239,114.6733,Cloud to Ground,29657,0,6
2026-09-12T13:01:18.494477444Z,4.836204,114.845116,Cloud to Ground,-21885,0,7
2026-09-12T13:01:25.653863536Z,4.938672,114.796166,Cloud to Ground,17392,0,7
2026-09-12T13:01:25.637328269Z,4.940587,114.779045,Cloud to Ground,20233,0,6
2026-09-12T13:01:25.079269846Z,16.072567,121.494063,Cloud to Cloud,7500,11833,8
2026-09-12T13:01:25.217482512Z,16.055155,121.479492,Cloud to Cloud,7505,4859,10
2026-09-12T13:01:26.420829031Z,20.828196,130.336756,Cloud to Cloud,-21298,3032,10
2026-09-12T13:01:26.426517532Z,20.938405,130.370222,Cloud to Ground,-18351,0,6
2026-09-12T13:01:26.416169075Z,20.901794,130.364368,Cloud to Cloud,-12177,17841,12
2026-09-12T13:01:26.435357996Z,20.945312,130.357256,Cloud to Cloud,-9783,14112,5
2026-09-12T13:01:30.213996000Z,17.7425,120.0813,Cloud to Ground,-17806,0,5
2026-09-12T13:01:30.248298392Z,17.741233,120.08534,Cloud to Cloud,-7912,3081,5
2026-09-12T13:01:30.171658000Z,17.7589,120.0623,Cloud to Ground,1170,0,9
2026-09-12T13:01:29.744936073Z,17.82231,120.099187,Cloud to Ground,17000,0,7
2026-09-12T13:01:29.568457485Z,17.716657,120.138073,Cloud to Ground,37616,0,8
2026-09-12T13:01:36.720898877Z,16.145785,121.582937,Cloud to Ground,54243,0,8
2026-09-12T13:01:39.291087620Z,4.852923,114.90931,Cloud to Cloud,-18183,12357,9
2026-09-12T13:01:39.287810732Z,4.902835,114.844035,Cloud to Ground,19851,0,8
2026-09-12T13:01:40.369731360Z,15.974414,121.528509,Cloud to Ground,29898,0,7
2026-09-12T13:01:40.378371639Z,16.231534,121.621901,Cloud to Cloud,16682,4018,7
2026-09-12T13:01:46.168135050Z,4.90707,115.056437,Cloud to Ground,-22206,0,10
2026-09-12T13:01:46.399511412Z,10.118229,110.664466,Cloud to Cloud,-48664,14480,8
2026-09-12T13:01:46.402293972Z,10.096248,110.589155,Cloud to Cloud,18304,4088,10
2026-09-12T13:01:46.403326651Z,10.110992,110.625071,Cloud to Ground,23321,0,11
2026-09-12T13:01:46.401355517Z,10.104218,110.607191,Cloud to Ground,27862,0,11
2026-09-12T13:01:47.283398945Z,4.941446,114.978785,Cloud to Ground,-26526,0,9
2026-09-12T13:01:48.792077266Z,8.696485,121.909709,Cloud to Ground,-99488,0,7
2026-09-12T13:01:48.573196869Z,8.790244,121.881839,Cloud to Ground,-57318,0,7
2026-09-12T13:01:48.644514000Z,8.7612,121.7815,Cloud to Ground,-29976,0,6
2026-09-12T13:01:48.369404034Z,1.57489,113.980669,Cloud to Ground,29551,0,12
2026-09-12T13:01:54.164876743Z,16.152337,121.59666,Cloud to Cloud,19058,7714,7
2026-09-12T13:02:05.811930105Z,4.915589,114.772181,Cloud to Ground,19199,0,8
2026-09-12T13:02:05.816070692Z,4.93249,114.801164,Cloud to Ground,22971,0,6
2026-09-12T13:02:05.828064929Z,4.932879,114.665003,Cloud to Cloud,32222,6700,13
2026-09-12T13:02:07.264085758Z,1.519612,113.986908,Cloud to Ground,-12087,0,11
2026-09-12T13:02:15.221815967Z,17.916149,120.047981,Cloud to Cloud,5784,4469,6
2026-09-12T13:02:15.225961368Z,17.764761,120.087839,Cloud to Cloud,13662,13516,5
2026-09-12T13:02:16.607974446Z,16.099867,121.35831,Cloud to Ground,-8637,0,6
2026-09-12T13:02:17.818903872Z,5.03789,114.908912,Cloud to Ground,70944,0,7
2026-09-12T13:02:17.752946766Z,4.896587,114.866614,Cloud to Ground,-61789,0,8
2026-09-12T13:02:17.764080308Z,4.901211,114.874076,Cloud to Ground,45278,0,20
2026-09-12T13:02:17.862973961Z,4.886132,114.793155,Cloud to Ground,77563,0,7
2026-09-12T13:02:18.635363770Z,4.90367,114.872753,Cloud to Ground,42924,0,21
2026-09-12T13:02:25.050633333Z,4.943219,114.832074,Cloud to Ground,-24043,0,13
2026-09-12T13:02:31.266686769Z,4.932745,115.037676,Cloud to Ground,60181,0,10
2026-09-12T13:02:31.777688668Z,5.018267,115.215051,Cloud to Ground,-37144,0,19
2026-09-12T13:02:31.936000700Z,5.011383,115.277213,Cloud to Ground,17442,0,13
2026-09-12T13:02:34.369168217Z,4.953752,115.004534,Cloud to Ground,19551,0,8
2026-09-12T13:02:42.921044672Z,22.773181,133.422424,Cloud to Ground,-17011,0,7
2026-09-12T13:02:42.747887594Z,22.748878,133.417798,Cloud to Ground,-12821,0,6
2026-09-12T13:02:43.859852930Z,5.014152,114.855635,Cloud to Cloud,-27185,13550,7
2026-09-12T13:02:53.397649895Z,15.605237,128.941972,Cloud to Ground,-48787,0,14
2026-09-12T13:02:53.338329484Z,15.463658,129.014584,Cloud to Ground,32657,0,10
2026-09-12T13:02:54.668245363Z,8.787939,121.811319,Cloud to Ground,-84599,0,9
2026-09-12T13:03:01.808071324Z,5.050176,115.230949,Cloud to Ground,21635,0,8
2026-09-12T13:03:03.433164340Z,16.304122,122.445521,Cloud to Ground,-157878,0,13
2026-09-12T13:03:03.436935947Z,16.378822,122.421237,Cloud to Ground,-18963,0,10
2026-09-12T13:03:03.429752001Z,16.344066,122.484466,Cloud to Ground,-12597,0,13
2026-09-12T13:03:06.818827307Z,4.902406,114.819294,Cloud to Ground,23473,0,6
2026-09-12T13:03:06.469005964Z,4.966701,115.047485,Cloud to Ground,-26814,0,9
2026-09-12T13:03:06.819902457Z,4.926753,114.726164,Cloud to Cloud,29507,6622,8
2026-09-12T13:03:11.684978317Z,4.964915,114.947683,Cloud to Cloud,-19406,3736,6
2026-09-12T13:03:17.574259348Z,1.606215,113.989997,Cloud to Ground,25211,0,10
2026-09-12T13:03:26.284940938Z,14.258387,117.026575,Cloud to Ground,-65371,0,13
2026-09-12T13:03:26.138592068Z,14.206893,117.082729,Cloud to Ground,-33273,0,10
2026-09-12T13:03:26.344112833Z,14.267931,117.150402,Cloud to Ground,-20421,0,8
2026-09-12T13:03:26.158539774Z,14.248109,117.008568,Cloud to Ground,-19087,0,8
2026-09-12T13:03:26.311918429Z,14.243078,117.054368,Cloud to Cloud,-17935,3010,9
2026-09-12T13:03:26.261846778Z,14.252299,117.023366,Cloud to Cloud,18611,3837,8
2026-09-12T13:03:26.257432941Z,14.244575,117.01271,Cloud to Ground,26975,0,8
2026-09-12T13:03:26.317351258Z,14.249162,117.005356,Cloud to Ground,28789,0,8
2026-09-12T13:03:26.146829312Z,14.276928,117.119598,Cloud to Ground,132397,0,14
2026-09-12T13:03:26.162694000Z,14.4037,117.1862,Cloud to Ground,24786,0,5
2026-09-12T13:03:26.225285943Z,14.109151,117.131301,Cloud to Ground,-43177,0,8
2026-09-12T13:03:27.246856917Z,20.870833,130.394014,Cloud to Ground,-19231,0,5
2026-09-12T13:03:27.089431058Z,20.997205,130.32146,Cloud to Ground,-24020,0,7
2026-09-12T13:03:27.091847598Z,20.98721,130.302697,Cloud to Ground,13781,0,7
2026-09-12T13:03:27.090947811Z,20.949048,130.321264,Cloud to Ground,67812,0,15
2026-09-12T13:03:31.748995231Z,4.934212,114.786252,Cloud to Ground,20624,0,10
2026-09-12T13:03:31.958332494Z,4.888468,114.878646,Cloud to Ground,31679,0,6
2026-09-12T13:03:32.261772123Z,20.61801,120.361142,Cloud to Cloud,7694,13806,5
2026-09-12T13:03:32.264549914Z,20.602901,120.362969,Cloud to Cloud,9018,14493,6
2026-09-12T13:03:39.853891499Z,18.78766,112.81816,Cloud to Cloud,-18625,5514,7
2026-09-12T13:03:39.821127362Z,18.785864,112.855822,Cloud to Cloud,-12875,5145,8
2026-09-12T13:03:41.117193756Z,4.963418,115.269901,Cloud to Ground,17911,0,10
2026-09-12T13:03:41.319380264Z,8.691506,121.80507,Cloud to Ground,-66106,0,9
2026-09-12T13:03:41.510948000Z,8.8273,121.7823,Cloud to Ground,-20355,0,5
2026-09-12T13:03:42.940796108Z,1.600982,113.927399,Cloud to Ground,-35944,0,15
2026-09-12T13:03:43.082081947Z,1.5825,113.922623,Cloud to Ground,-25124,0,10
2026-09-12T13:03:42.872458847Z,1.561195,113.914539,Cloud to Ground,21561,0,9
2026-09-12T13:03:43.060137425Z,4.918758,114.795047,Cloud to Ground,15478,0,7
2026-09-12T13:03:42.827152160Z,4.922631,114.824818,Cloud to Ground,26240,0,12
2026-09-12T13:03:42.903972822Z,4.915789,114.814434,Cloud to Ground,26739,0,8
2026-09-12T13:03:43.016674771Z,4.908178,114.799005,Cloud to Ground,33995,0,8
2026-09-12T13:03:43.581408255Z,16.140078,121.37468,Cloud to Cloud,15786,3020,9
2026-09-12T13:03:50.461330196Z,4.903756,115.060116,Cloud to Cloud,-15513,4691,7
2026-09-12T13:03:56.815405724Z,5.009238,115.236332,Cloud to Cloud,17452,16773,11
2026-09-12T13:03:56.843211827Z,4.963339,115.304784,Cloud to Cloud,19827,6790,6
2026-09-12T13:03:57.299052645Z,1.603797,114.007192,Cloud to Ground,-18938,0,5
2026-09-12T13:03:57.320520875Z,1.606277,113.993884,Cloud to Ground,11377,0,6
2026-09-12T13:03:57.749983796Z,16.423799,121.452983,Cloud to Cloud,4938,6539,6
2026-09-12T13:03:57.805130237Z,16.501724,121.498377,Cloud to Cloud,7806,5387,6
2026-09-12T13:03:57.784950964Z,16.230987,121.547628,Cloud to Cloud,14050,19231,7
2026-09-12T13:03:57.403651264Z,16.235215,121.528022,Cloud to Cloud,25274,6137,8
2026-09-12T13:03:57.404788000Z,16.1056,121.2547,Cloud to Ground,17832,0,6
2026-09-12T13:04:03.383228857Z,4.976417,114.831191,Cloud to Ground,30755,0,11
2026-09-12T13:04:06.369273196Z,20.646623,113.337071,Cloud to Ground,-19532,0,12
2026-09-12T13:04:06.414379314Z,20.531168,113.344155,Cloud to Cloud,-41192,6385,9
2026-09-12T13:04:06.410130616Z,20.508799,113.340759,Cloud to Ground,58194,0,9
2026-09-12T13:04:06.347932483Z,20.54142,113.329573,Cloud to Ground,330700,0,18
2026-09-12T13:04:08.226758892Z,2.071577,114.683651,Cloud to Ground,15252,0,11
2026-09-12T13:04:21.948773786Z,4.913521,114.759178,Cloud to Ground,-22589,0,10
2026-09-12T13:04:24.089099207Z,21.038931,130.851827,Cloud to Ground,-7846,0,7
2026-09-12T13:04:24.073641426Z,20.822502,130.82459,Cloud to Ground,-52260,0,9
2026-09-12T13:04:34.533903353Z,20.595017,120.348295,Cloud to Cloud,7869,13944,6
2026-09-12T13:04:38.422467399Z,1.689087,113.928051,Cloud to Ground,-25034,0,15
2026-09-12T13:04:38.360704084Z,1.590149,113.988802,Cloud to Ground,19632,0,7
2026-09-12T13:04:38.303848955Z,1.597823,113.959368,Cloud to Ground,32120,0,8
2026-09-12T13:04:45.941455245Z,8.670545,121.908791,Cloud to Ground,-52559,0,8
2026-09-12T13:04:45.890435000Z,8.7669,121.8913,Cloud to Ground,-108243,0,5
2026-09-12T13:04:46.159444064Z,8.767196,121.866441,Cloud to Ground,-31513,0,9
2026-09-12T13:04:46.044977000Z,8.7486,121.753,Cloud to Ground,-26066,0,7
2026-09-12T13:04:46.225382086Z,4.896387,114.818578,Cloud to Cloud,11155,7586,7
2026-09-12T13:04:46.256932042Z,4.949738,114.819322,Cloud to Cloud,22103,3564,8
2026-09-12T13:04:46.203443008Z,4.904174,114.81924,Cloud to Ground,33796,0,11
2026-09-12T13:04:46.167187000Z,5.0276,114.9101,Cloud to Ground,43083,0,5
2026-09-12T13:04:50.096994909Z,15.175254,115.853719,Cloud to Ground,-17666,0,9
2026-09-12T13:04:50.371889497Z,15.129447,115.836337,Cloud to Cloud,15179,4069,8
2026-09-12T13:04:50.393394757Z,15.190639,115.952845,Cloud to Cloud,-22751,7904,7
2026-09-12T13:04:50.122871000Z,15.2671,115.7987,Cloud to Ground,65511,0,9
2026-09-12T13:04:53.909369649Z,11.332495,111.547167,Cloud to Cloud,-31624,3851,7
2026-09-12T13:04:53.926438262Z,11.361087,111.687767,Cloud to Ground,-25289,0,11
2026-09-12T13:04:54.404488290Z,2.136784,114.690284,Cloud to Cloud,-14869,7900,13
2026-09-12T13:04:56.693140016Z,4.868424,114.827443,Cloud to Cloud,15985,4928,6
2026-09-12T13:04:56.966625539Z,4.830404,114.80363,Cloud to Ground,22521,0,7
2026-09-12T13:04:57.177463138Z,4.842648,114.839079,Cloud to Ground,28380,0,6
2026-09-12T13:04:59.992232407Z,15.054371,115.951116,Cloud to Ground,-19951,0,8
2026-09-12T13:04:59.986857057Z,15.057345,115.934875,Cloud to Cloud,15009,3028,8
2026-09-12T13:04:59.985535512Z,15.027305,115.852276,Cloud to Cloud,19513,18878,8
2026-09-12T13:05:01.556435151Z,17.803959,120.102933,Cloud to Cloud,12976,16187,10
2026-09-12T13:05:01.552225048Z,17.676932,120.179788,Cloud to Cloud,45855,17394,10
2026-09-12T13:05:03.850258399Z,1.639508,113.962746,Cloud to Ground,-18016,0,11
2026-09-12T13:05:06.643671995Z,4.977005,114.867678,Cloud to Cloud,-22549,18362,9
2026-09-12T13:05:07.079837306Z,4.929742,114.892967,Cloud to Cloud,9327,8808,7
2026-09-12T13:05:08.032372249Z,4.99249,115.212903,Cloud to Ground,-54556,0,27
2026-09-12T13:05:08.278062151Z,5.071115,115.258818,Cloud to Ground,63403,0,8
2026-09-12T13:05:09.611606682Z,10.105516,110.635687,Cloud to Ground,28052,0,9
2026-09-12T13:05:09.613170671Z,10.117746,110.618911,Cloud to Ground,29689,0,11
2026-09-12T13:05:09.612196295Z,10.104197,110.624846,Cloud to Ground,81449,0,11
2026-09-12T13:05:11.564049861Z,20.576219,120.689462,Cloud to Cloud,6143,13925,6
2026-09-12T13:05:11.716438545Z,20.594203,120.628122,Cloud to Cloud,6168,13858,6
2026-09-12T13:05:16.963386828Z,16.153123,121.456218,Cloud to Cloud,4814,18331,6
2026-09-12T13:05:21.143087000Z,16.3891,122.4128,Cloud to Ground,-46325,0,6
2026-09-12T13:05:21.141493090Z,16.331009,122.42285,Cloud to Cloud,9348,7650,6
2026-09-12T13:05:21.145449266Z,16.340585,122.426429,Cloud to Cloud,10362,18736,10
2026-09-12T13:05:24.840415523Z,1.58467,113.994643,Cloud to Ground,16440,0,7
2026-09-12T13:05:25.059429776Z,1.608305,113.963483,Cloud to Ground,17833,0,8
2026-09-12T13:05:25.156341112Z,1.61743,113.995801,Cloud to Ground,28104,0,11
2026-09-12T13:05:32.005115064Z,4.989808,114.880034,Cloud to Ground,-35611,0,13
2026-09-12T13:05:35.223285929Z,4.968405,115.214017,Cloud to Ground,17784,0,9
2026-09-12T13:05:35.155788679Z,4.978373,115.19754,Cloud to Ground,24065,0,10
2026-09-12T13:05:35.127110818Z,5.048388,115.261106,Cloud to Cloud,-16495,17790,14
2026-09-12T13:05:38.902989902Z,20.978358,130.43965,Cloud to Cloud,-12650,7801,9
2026-09-12T13:05:38.568657176Z,20.936399,130.156361,Cloud to Ground,32566,0,7
2026-09-12T13:05:38.577872994Z,20.966479,130.331782,Cloud to Ground,-16224,0,10
2026-09-12T13:05:38.713585272Z,20.887589,130.305917,Cloud to Ground,-13536,0,8
2026-09-12T13:05:38.574738354Z,20.967894,130.32056,Cloud to Ground,-11261,0,10
2026-09-12T13:05:38.570420761Z,20.965835,130.317921,Cloud to Ground,20269,0,12
2026-09-12T13:05:38.714209351Z,21.017409,130.337244,Cloud to Ground,21243,0,7
2026-09-12T13:05:43.363592731Z,22.643331,133.435426,Cloud to Cloud,13055,19920,7
2026-09-12T13:05:43.545774345Z,22.777822,133.414619,Cloud to Ground,-23163,0,12
2026-09-12T13:05:50.590144000Z,20.0743,119.8174,Cloud to Ground,-43863,0,8
2026-09-12T13:05:50.462131000Z,20.1103,119.7727,Cloud to Ground,-1149,0,9
2026-09-12T13:05:55.588578105Z,1.598323,114.00861,Cloud to Ground,15331,0,9
2026-09-12T13:05:55.461878035Z,1.574921,114.037406,Cloud to Ground,16129,0,7
2026-09-12T13:05:55.316996284Z,1.605269,113.993766,Cloud to Ground,23535,0,10
2026-09-12T13:05:54.747530359Z,1.606903,113.96912,Cloud to Ground,27331,0,8
2026-09-12T13:05:55.686408729Z,4.95032,115.284674,Cloud to Cloud,-16444,7932,8
2026-09-12T13:05:58.845167363Z,4.922604,114.815121,Cloud to Cloud,-80129,19021,16
2026-09-12T13:05:59.398732076Z,4.925832,114.873951,Cloud to Cloud,-33980,7589,7
2026-09-12T13:05:58.895032499Z,4.951362,114.84104,Cloud to Ground,-28356,0,17
2026-09-12T13:05:59.864504746Z,4.905325,114.793439,Cloud to Ground,20181,0,8
2026-09-12T13:05:59.511325453Z,4.893947,114.802267,Cloud to Ground,21321,0,6
2026-09-12T13:05:59.176929246Z,4.909149,114.835208,Cloud to Ground,23852,0,10
2026-09-12T13:05:58.831930426Z,5.013359,114.883223,Cloud to Ground,30687,0,14
2026-09-12T13:05:59.128661826Z,4.90575,114.82296,Cloud to Ground,42327,0,7
2026-09-12T13:05:59.397251673Z,4.903817,114.801585,Cloud to Ground,44834,0,10
2026-09-12T13:05:59.267845965Z,4.906683,114.860211,Cloud to Ground,53343,0,10
2026-09-12T13:05:58.998782281Z,4.914022,114.881857,Cloud to Ground,60910,0,23
2026-09-12T13:05:58.945418775Z,5.002484,114.841202,Cloud to Ground,63133,0,21
2026-09-12T13:05:59.077706471Z,4.911396,114.881708,Cloud to Ground,84105,0,26
2026-09-12T13:06:01.679302540Z,4.893572,114.844026,Cloud to Ground,55624,0,15
2026-09-12T13:06:06.561094222Z,15.194904,115.934753,Cloud to Ground,33996,0,8
2026-09-12T13:06:06.002586000Z,11.392,111.5887,Cloud to Ground,-140907,0,10
2026-09-12T13:06:22.940917160Z,4.945077,114.874048,Cloud to Cloud,23934,5540,8
2026-09-12T13:06:23.003933000Z,8.7229,121.7604,Cloud to Ground,-123130,0,12
2026-09-12T13:06:28.436368014Z,4.918637,114.84687,Cloud to Ground,17687,0,7
2026-09-12T13:06:36.175402883Z,11.387847,111.64948,Cloud to Ground,-34582,0,8
2026-09-12T13:06:36.166582417Z,11.342725,111.551701,Cloud to Ground,-19727,0,7
2026-09-12T13:06:41.475343000Z,16.6442,121.227,Cloud to Ground,-9926,0,6
2026-09-12T13:06:51.707179961Z,15.97537,121.419818,Cloud to Cloud,11064,10626,9
2026-09-12T13:06:52.008749495Z,16.194201,121.377605,Cloud to Ground,-9855,0,7
2026-09-12T13:06:56.624429878Z,4.974091,114.691987,Cloud to Ground,42887,0,8
2026-09-12T13:06:56.686858097Z,10.060973,111.370652,Cloud to Ground,-65747,0,8
2026-09-12T13:06:56.723631614Z,10.051686,111.38311,Cloud to Ground,-34809,0,12
2026-09-12T13:06:56.679492114Z,10.050338,111.376784,Cloud to Cloud,-21760,17505,10
2026-09-12T13:06:56.752857105Z,10.06034,111.355526,Cloud to Ground,82148,0,7
2026-09-12T13:06:57.087538608Z,15.198111,115.963558,Cloud to Ground,34111,0,8
2026-09-12T13:06:57.180678852Z,15.220291,115.961683,Cloud to Ground,42294,0,13
2026-09-12T13:06:58.557788071Z,16.329847,121.586054,Cloud to Cloud,23602,3000,16
2026-09-12T13:06:58.555507520Z,16.304369,121.604251,Cloud to Cloud,33250,3727,10
2026-09-12T13:07:00.071801804Z,4.951517,115.171146,Cloud to Ground,16751,0,8
2026-09-12T13:06:59.920927661Z,4.957354,115.209885,Cloud to Ground,37623,0,8
2026-09-12T13:06:59.766413900Z,4.940176,115.281599,Cloud to Ground,44478,0,19
2026-09-12T13:06:59.865215000Z,5.0612,115.3179,Cloud to Ground,31351,0,5
2026-09-12T13:06:59.501299178Z,1.578904,113.930833,Cloud to Ground,-24383,0,14
2026-09-12T13:06:59.089600087Z,16.508278,121.340911,Cloud to Ground,-58603,0,22
2026-09-12T13:06:59.105991167Z,16.387639,121.393853,Cloud to Ground,-31374,0,8
2026-09-12T13:06:59.461139959Z,16.385421,121.39244,Cloud to Ground,-30187,0,11
2026-09-12T13:06:58.693598913Z,16.426666,121.420995,Cloud to Ground,10589,0,6
2026-09-12T13:07:00.055349656Z,16.457537,121.521176,Cloud to Cloud,12499,18355,8
2026-09-12T13:07:11.956958845Z,4.871461,114.848633,Cloud to Ground,-77163,0,20
2026-09-12T13:07:12.022789000Z,4.8553,114.8783,Cloud to Ground,-56771,0,7
2026-09-12T13:07:12.154030337Z,4.845789,114.840079,Cloud to Ground,30403,0,9
2026-09-12T13:07:11.886165444Z,4.835868,114.847947,Cloud to Ground,30641,0,7
2026-09-12T13:07:11.857626889Z,4.834393,114.808611,Cloud to Ground,33253,0,9
2026-09-12T13:07:11.805789265Z,4.830183,114.888582,Cloud to Ground,55949,0,25
2026-09-12T13:07:25.531362675Z,8.677113,121.907202,Cloud to Ground,67431,0,7
2026-09-12T13:07:25.767483442Z,5.030769,115.042734,Cloud to Ground,31202,0,7
2026-09-12T13:07:25.760124292Z,1.604933,113.925773,Cloud to Ground,48630,0,28
2026-09-12T13:07:26.705271000Z,17.5827,119.9689,Cloud to Ground,251,0,5
2026-09-12T13:07:28.275357535Z,11.378408,111.659454,Cloud to Ground,-58673,0,11
2026-09-12T13:07:28.469120808Z,11.385637,111.662453,Cloud to Ground,-38876,0,12
2026-09-12T13:07:28.388241124Z,11.383202,111.636818,Cloud to Ground,39143,0,8
2026-09-12T13:07:35.381726206Z,4.955527,114.765008,Cloud to Ground,25150,0,10
2026-09-12T13:07:35.027851422Z,10.130643,110.616007,Cloud to Ground,21490,0,11
2026-09-12T13:07:35.026314915Z,10.113052,110.601465,Cloud to Ground,33070,0,9
2026-09-12T13:07:42.034441276Z,1.565738,113.999681,Cloud to Ground,-16873,0,7
2026-09-12T13:07:46.805764880Z,22.540931,133.391684,Cloud to Ground,18403,0,7
2026-09-12T13:07:46.810391313Z,22.550478,133.374023,Cloud to Cloud,27027,19611,9
2026-09-12T13:07:47.041883993Z,22.770971,133.413745,Cloud to Ground,36826,0,14
2026-09-12T13:07:48.098728804Z,1.647648,113.933169,Cloud to Ground,-25883,0,14
2026-09-12T13:07:48.039809759Z,1.617658,114.001101,Cloud to Ground,-14295,0,7
2026-09-12T13:07:50.609904660Z,5.032091,115.071929,Cloud to Ground,27624,0,10
2026-09-12T13:07:50.665382592Z,16.224899,122.492662,Cloud to Ground,20407,0,10
2026-09-12T13:07:50.663764209Z,16.340454,122.415737,Cloud to Cloud,7635,4410,5
2026-09-12T13:07:55.037698932Z,4.924638,114.907749,Cloud to Cloud,-24066,4784,9
2026-09-12T13:07:54.825256302Z,4.922706,114.847936,Cloud to Ground,20801,0,6
2026-09-12T13:07:55.726940808Z,1.670857,114.032386,Cloud to Ground,-25723,0,13
2026-09-12T13:07:55.668121507Z,1.602112,114.098021,Cloud to Cloud,-19016,14616,11
2026-09-12T13:07:55.209708361Z,4.909979,114.738543,Cloud to Cloud,9284,18265,6
2026-09-12T13:07:58.418833323Z,4.993021,115.192571,Cloud to Cloud,-26941,19136,6
2026-09-12T13:07:58.177083281Z,5.080121,115.213124,Cloud to Ground,28527,0,19
2026-09-12T13:07:58.256104708Z,4.943763,115.276449,Cloud to Ground,46133,0,22
2026-09-12T13:08:00.547921263Z,10.250377,110.557145,Cloud to Cloud,9512,3006,7
2026-09-12T13:08:05.218270875Z,5.052066,115.011667,Cloud to Cloud,-20608,4248,12
2026-09-12T13:08:05.185699666Z,5.016514,114.971174,Cloud to Ground,-19124,0,14
2026-09-12T13:08:05.265481918Z,4.944693,114.998795,Cloud to Cloud,-18076,3896,6
2026-09-12T13:08:05.179456680Z,4.971127,114.985282,Cloud to Ground,31531,0,10
2026-09-12T13:08:05.184855204Z,5.015318,114.957528,Cloud to Ground,34849,0,10
2026-09-12T13:08:11.257620095Z,5.023911,114.694381,Cloud to Ground,22310,0,8
2026-09-12T13:08:11.112230340Z,5.021398,114.699679,Cloud to Ground,49349,0,9
2026-09-12T13:08:11.393614205Z,4.884448,114.777861,Cloud to Ground,63505,0,10
2026-09-12T13:08:11.071853705Z,11.373162,111.594246,Cloud to Ground,-31645,0,8
2026-09-12T13:08:11.074289102Z,11.349983,111.562071,Cloud to Ground,15826,0,6
2026-09-12T13:08:11.102890313Z,11.388578,111.630879,Cloud to Ground,25844,0,8
2026-09-12T13:08:13.868177820Z,1.994284,114.67501,Cloud to Ground,20309,0,10
2026-09-12T13:08:13.759079639Z,20.565526,120.662218,Cloud to Cloud,11546,14764,7
2026-09-12T13:08:14.457849130Z,16.114697,121.445669,Cloud to Cloud,11275,19737,8
2026-09-12T13:08:16.770281000Z,20.0605,119.6281,Cloud to Ground,-26859,0,8
2026-09-12T13:08:16.851244000Z,20.0915,119.7323,Cloud to Ground,-24624,0,5
2026-09-12T13:08:16.824934000Z,20.0507,119.716,Cloud to Ground,-15822,0,5
2026-09-12T13:08:20.934730442Z,15.147844,115.818225,Cloud to Cloud,24401,3282,7
2026-09-12T13:08:20.791862000Z,15.2023,115.9715,Cloud to Ground,253,0,8
2026-09-12T13:08:20.913652000Z,15.2346,115.9501,Cloud to Ground,408,0,10
2026-09-12T13:08:20.826052306Z,15.194975,115.986171,Cloud to Ground,36240,0,7
2026-09-12T13:08:23.872553373Z,1.64997,114.044555,Cloud to Ground,22665,0,7
2026-09-12T13:08:27.763142981Z,4.825139,114.834133,Cloud to Ground,36464,0,8
2026-09-12T13:08:30.440996825Z,5.685267,134.931984,Cloud to Ground,-48720,0,28
2026-09-12T13:08:30.603111173Z,5.672521,134.917157,Cloud to Ground,-46986,0,22
2026-09-12T13:08:30.483697928Z,5.66849,134.909062,Cloud to Ground,-39710,0,24
2026-09-12T13:08:30.560988406Z,5.742917,134.990419,Cloud to Ground,37479,0,14
2026-09-12T13:08:32.882776776Z,1.557912,113.986002,Cloud to Ground,17146,0,6
2026-09-12T13:08:33.001911561Z,1.575628,113.970229,Cloud to Ground,18529,0,7
2026-09-12T13:08:32.943535355Z,1.586804,113.970859,Cloud to Ground,31576,0,9
2026-09-12T13:08:32.887549342Z,1.575976,113.984277,Cloud to Ground,38445,0,22
2026-09-12T13:08:35.244462010Z,15.077308,115.949642,Cloud to Ground,24705,0,10
2026-09-12T13:08:35.196715000Z,14.9918,115.7274,Cloud to Ground,6509,0,5
2026-09-12T13:08:42.380593071Z,5.092161,115.060171,Cloud to Cloud,14843,19739,7
2026-09-12T13:08:43.331281878Z,19.939796,112.55039,Cloud to Ground,14341,0,7
2026-09-12T13:08:43.417337636Z,20.00957,112.727333,Cloud to Cloud,-14847,4717,7
2026-09-12T13:08:50.509205465Z,4.941919,114.815995,Cloud to Ground,30472,0,8
2026-09-12T13:08:51.590444213Z,22.690051,133.341009,Cloud to Ground,-29790,0,7
2026-09-12T13:08:51.296280107Z,22.685262,133.368991,Cloud to Ground,-11409,0,7
2026-09-12T13:09:00.236378048Z,1.564894,113.993701,Cloud to Ground,-24749,0,6
2026-09-12T13:09:06.522415039Z,4.954834,115.214814,Cloud to Ground,-24040,0,8
2026-09-12T13:09:13.578684942Z,5.074194,114.879156,Cloud to Cloud,-17887,8725,14
2026-09-12T13:09:13.038213846Z,10.030309,111.362144,Cloud to Ground,-96328,0,10
2026-09-12T13:09:13.054349749Z,10.0377,111.379876,Cloud to Ground,22299,0,10
2026-09-12T13:09:14.198463411Z,1.595068,113.91493,Cloud to Ground,-50764,0,15
2026-09-12T13:09:15.511355248Z,5.046514,115.038175,Cloud to Cloud,19722,7007,6
2026-09-12T13:09:22.197619732Z,4.978174,115.219652,Cloud to Ground,37085,0,17
2026-09-12T13:09:34.033176424Z,19.97711,112.549828,Cloud to Ground,34781,0,9
2026-09-12T13:09:36.950129904Z,4.964133,114.845329,Cloud to Cloud,16256,4643,8
2026-09-12T13:09:40.405329942Z,11.340944,111.553929,Cloud to Ground,59775,0,9
2026-09-12T13:09:43.037602947Z,16.138018,121.445637,Cloud to Cloud,10088,7156,11
2026-09-12T13:09:46.088359478Z,16.434529,121.515856,Cloud to Ground,-48490,0,12
2026-09-12T13:09:46.090928155Z,16.442082,121.51234,Cloud to Cloud,10988,15735,9
2026-09-12T13:09:49.142590777Z,16.365254,122.621434,Cloud to Ground,-139971,0,12
2026-09-12T13:09:50.541942862Z,5.045694,115.098375,Cloud to Ground,-43388,0,14
2026-09-12T13:09:54.086082396Z,4.982317,114.826151,Cloud to Cloud,25392,12547,7
2026-09-12T13:09:55.072248039Z,15.237271,116.047992,Cloud to Ground,-21289,0,8
2026-09-12T13:09:55.483522845Z,15.188636,115.928572,Cloud to Ground,-14100,0,7
2026-09-12T13:09:55.002328054Z,15.189161,115.972911,Cloud to Ground,-11134,0,8
2026-09-12T13:09:54.924994036Z,15.191481,115.956657,Cloud to Cloud,-5432,4932,5
2026-09-12T13:09:54.939988000Z,15.2169,115.9553,Cloud to Ground,551,0,6
2026-09-12T13:09:55.418853118Z,15.193869,115.953381,Cloud to Cloud,21081,3033,8
2026-09-12T13:09:55.138474158Z,15.194306,115.969286,Cloud to Cloud,22103,4789,9
2026-09-12T13:09:55.342871121Z,15.19032,115.955876,Cloud to Cloud,24174,4552,9
2026-09-12T13:09:55.258157156Z,15.19173,115.955498,Cloud to Ground,25054,0,9
2026-09-12T13:09:55.300717652Z,15.188872,115.935525,Cloud to Ground,28477,0,8
2026-09-12T13:09:54.977684626Z,15.19099,115.954348,Cloud to Ground,34042,0,8
2026-09-12T13:10:05.289365149Z,22.679247,133.329799,Cloud to Ground,-6655,0,6
2026-09-12T13:10:05.310822504Z,22.670364,133.352526,Cloud to Ground,16206,0,9
2026-09-12T13:10:10.193503632Z,5.013452,114.886654,Cloud to Ground,-21505,0,7
2026-09-12T13:10:10.114862947Z,5.00283,114.850387,Cloud to Cloud,-6845,5628,5
2026-09-12T13:10:09.747478637Z,4.981158,114.860718,Cloud to Ground,26962,0,10
2026-09-12T13:10:10.182507039Z,4.878963,114.817625,Cloud to Ground,-23994,0,7
2026-09-12T13:10:13.072738075Z,15.203622,116.03725,Cloud to Cloud,-8307,6337,7
2026-09-12T13:10:13.050872146Z,15.209256,116.012431,Cloud to Ground,16360,0,7
2026-09-12T13:10:13.061097710Z,15.191629,115.97895,Cloud to Ground,34262,0,10
2026-09-12T13:10:15.060316309Z,1.647385,114.0032,Cloud to Cloud,-16122,5746,8
2026-09-12T13:10:15.077986688Z,1.693125,113.987285,Cloud to Ground,-15965,0,14
2026-09-12T13:10:20.684279000Z,8.7017,121.6459,Cloud to Ground,-278113,0,7
2026-09-12T13:10:21.919303206Z,4.962658,114.78521,Cloud to Ground,-42258,0,22
2026-09-12T13:10:22.588088247Z,4.898117,114.813628,Cloud to Ground,-23865,0,10
2026-09-12T13:10:22.683805631Z,4.931152,114.725799,Cloud to Ground,17407,0,7
2026-09-12T13:10:22.583557344Z,4.933243,114.775488,Cloud to Ground,25010,0,8
2026-09-12T13:10:22.997122260Z,2.120549,114.615008,Cloud to Ground,39692,0,7
2026-09-12T13:10:22.436857324Z,5.056249,114.838572,Cloud to Ground,31610,0,7
2026-09-12T13:10:25.100626410Z,4.991569,115.197533,Cloud to Ground,-26538,0,8
2026-09-12T13:10:24.943172854Z,5.071568,115.229488,Cloud to Ground,90525,0,30
2026-09-12T13:10:25.102194549Z,4.9523,115.199949,Cloud to Ground,92597,0,9
2026-09-12T13:10:24.986392458Z,4.974844,115.261388,Cloud to Ground,157336,0,20
2026-09-12T13:10:36.459422478Z,5.023493,115.043135,Cloud to Ground,23526,0,8
2026-09-12T13:10:38.961374799Z,9.830718,110.493681,Cloud to Ground,11586,0,7
2026-09-12T13:10:38.967137354Z,9.726494,110.506017,Cloud to Ground,22102,0,12
2026-09-12T13:10:38.965125216Z,9.72517,110.508304,Cloud to Ground,24970,0,11
2026-09-12T13:10:43.173408243Z,4.961039,114.751644,Cloud to Ground,34918,0,7
2026-09-12T13:10:43.464392552Z,11.365168,111.684828,Cloud to Ground,-14721,0,10
2026-09-12T13:10:46.563017313Z,1.627724,113.965477,Cloud to Ground,-28840,0,9
2026-09-12T13:10:46.729414721Z,1.594185,113.974367,Cloud to Ground,15902,0,7
2026-09-12T13:10:46.666820133Z,1.58713,113.934227,Cloud to Ground,21613,0,9
2026-09-12T13:10:46.614015140Z,1.610234,113.955621,Cloud to Ground,32653,0,10
2026-09-12T13:10:52.016922276Z,5.647169,134.910659,Cloud to Ground,-54864,0,30
2026-09-12T13:10:51.826688000Z,5.6697,134.9562,Cloud to Ground,-51717,0,9
2026-09-12T13:10:51.662857781Z,5.665107,134.916623,Cloud to Ground,-21765,0,13
2026-09-12T13:10:54.844947199Z,4.962695,114.801909,Cloud to Ground,-33960,0,12
2026-09-12T13:10:54.576934508Z,16.334551,121.602731,Cloud to Cloud,14095,16532,8
2026-09-12T13:10:54.571622000Z,16.5032,121.527,Cloud to Ground,-25295,0,10
2026-09-12T13:10:55.106304594Z,5.033045,115.251865,Cloud to Cloud,-23158,16696,12
2026-09-12T13:11:03.877594102Z,5.011081,115.17411,Cloud to Ground,19666,0,8
2026-09-12T13:11:03.848562945Z,5.023191,115.237471,Cloud to Ground,19940,0,17
2026-09-12T13:11:03.593615462Z,5.017086,115.187598,Cloud to Ground,28114,0,7
2026-09-12T13:11:03.812234360Z,5.01371,115.180225,Cloud to Ground,73830,0,8
2026-09-12T13:11:08.634266974Z,4.933937,114.832808,Cloud to Ground,16696,0,10
2026-09-12T13:11:13.026203661Z,1.601584,113.960081,Cloud to Ground,16733,0,8
2026-09-12T13:11:12.964978119Z,1.601879,114.001461,Cloud to Ground,29033,0,8
2026-09-12T13:11:19.948580136Z,4.942688,114.949073,Cloud to Cloud,-15977,3181,10
2026-09-12T13:11:20.363480646Z,4.929863,114.834521,Cloud to Cloud,-16344,3170,14
2026-09-12T13:11:22.424170141Z,22.844978,133.347497,Cloud to Ground,-17040,0,9
2026-09-12T13:11:22.641143798Z,22.80087,133.376977,Cloud to Cloud,-14174,7370,9
2026-09-12T13:11:22.315428009Z,22.819386,133.375846,Cloud to Ground,-7402,0,9
2026-09-12T13:11:22.885733602Z,16.14836,121.459006,Cloud to Ground,-28452,0,9
2026-09-12T13:11:22.913349991Z,16.051029,121.442922,Cloud to Cloud,5137,16791,6
2026-09-12T13:11:23.670568381Z,5.120763,115.070833,Cloud to Ground,-27464,0,7
2026-09-12T13:11:23.738771111Z,5.007727,115.032546,Cloud to Ground,27869,0,6
2026-09-12T13:11:23.708318278Z,5.020212,115.045669,Cloud to Ground,34571,0,8
2026-09-12T13:11:27.298940471Z,1.575322,113.958782,Cloud to Ground,24635,0,6
2026-09-12T13:11:28.424977333Z,20.965889,130.364584,Cloud to Cloud,-19001,3006,7
2026-09-12T13:11:28.465263572Z,21.010767,130.380168,Cloud to Cloud,13039,5348,8
2026-09-12T13:11:28.415573297Z,20.948238,130.324787,Cloud to Ground,19941,0,9
2026-09-12T13:11:28.413975000Z,21.0344,130.3077,Cloud to Ground,32054,0,6
2026-09-12T13:11:30.194292896Z,10.021274,111.285357,Cloud to Cloud,21530,3037,10
2026-09-12T13:11:37.890719622Z,5.023567,114.834669,Cloud to Cloud,-20719,17575,12
2026-09-12T13:11:44.724333591Z,4.915943,114.758707,Cloud to Ground,-21498,0,6
2026-09-12T13:11:44.686622000Z,5.0044,114.8099,Cloud to Ground,18643,0,6
2026-09-12T13:11:52.034482025Z,1.598107,113.954739,Cloud to Ground,24195,0,14
2026-09-12T13:11:58.713876975Z,4.995376,115.195088,Cloud to Ground,20764,0,6
2026-09-12T13:12:00.364013301Z,11.394322,111.653592,Cloud to Ground,19093,0,8
2026-09-12T13:12:02.739233343Z,20.013015,119.757982,Cloud to Cloud,13352,18198,7
2026-09-12T13:12:04.306373000Z,15.2504,115.9627,Cloud to Ground,-31745,0,11
2026-09-12T13:12:04.340939469Z,15.223104,115.984171,Cloud to Ground,30745,0,12
2026-09-12T13:12:04.492835012Z,15.206186,115.968629,Cloud to Ground,31537,0,8
2026-09-12T13:12:04.421900459Z,15.247218,115.949987,Cloud to Ground,31879,0,12
2026-09-12T13:12:08.377595473Z,4.855113,114.763141,Cloud to Ground,22882,0,8
2026-09-12T13:12:06.980423236Z,4.93388,114.813603,Cloud to Ground,24354,0,9
2026-09-12T13:12:06.976013382Z,4.924655,114.811262,Cloud to Ground,24603,0,6
2026-09-12T13:12:07.871065466Z,4.854488,114.729816,Cloud to Ground,36595,0,9
2026-09-12T13:12:07.738704648Z,4.859774,114.82167,Cloud to Ground,48067,0,14
2026-09-12T13:12:07.586595485Z,4.862531,114.81937,Cloud to Ground,118124,0,35
2026-09-12T13:12:19.769465578Z,5.072782,114.990019,Cloud to Ground,-39941,0,16
2026-09-12T13:12:19.767398503Z,5.05833,114.984127,Cloud to Ground,-24703,0,8
2026-09-12T13:12:19.802162649Z,4.976668,114.941318,Cloud to Cloud,24858,10728,6
2026-09-12T13:12:19.810396499Z,4.994901,114.993677,Cloud to Ground,26114,0,13
2026-09-12T13:12:19.758744855Z,4.978953,114.978549,Cloud to Ground,28636,0,11
2026-09-12T13:12:19.818464681Z,5.030052,114.967815,Cloud to Cloud,30946,7937,9
2026-09-12T13:12:19.759279892Z,4.968158,114.952628,Cloud to Ground,34122,0,9
2026-09-12T13:12:19.760870764Z,4.920735,114.871455,Cloud to Ground,35494,0,9
2026-09-12T13:12:19.762328000Z,5.2194,114.9005,Cloud to Ground,-26551,0,5
2026-09-12T13:12:27.584600118Z,17.784653,120.123437,Cloud to Ground,-13760,0,10
2026-09-12T13:12:28.572615729Z,1.594693,113.985985,Cloud to Ground,12537,0,7
2026-09-12T13:12:29.139946486Z,5.012106,114.857712,Cloud to Cloud,-17798,19730,15
2026-09-12T13:12:35.246928209Z,16.00428,121.391051,Cloud to Cloud,-7057,15489,6
2026-09-12T13:12:34.968787594Z,16.011221,121.456338,Cloud to Cloud,8983,3004,7
2026-09-12T13:12:34.970936425Z,15.998851,121.421634,Cloud to Cloud,9520,13379,8
2026-09-12T13:12:34.967058000Z,16.4816,121.6377,Cloud to Ground,5639,0,5
2026-09-12T13:12:35.022035459Z,16.153817,121.381231,Cloud to Cloud,-11975,3018,8
2026-09-12T13:12:36.340307135Z,14.209527,117.098096,Cloud to Ground,-34171,0,10
2026-09-12T13:12:36.603936869Z,14.238399,117.072741,Cloud to Cloud,23444,3260,10
2026-09-12T13:12:36.364054547Z,14.252271,117.180563,Cloud to Ground,-34207,0,9
2026-09-12T13:12:43.745606815Z,20.63592,120.303397,Cloud to Ground,-71412,0,9
2026-09-12T13:12:43.789945807Z,20.631821,120.30011,Cloud to Ground,-64744,0,14
2026-09-12T13:12:43.843867077Z,20.627747,120.332619,Cloud to Ground,-61928,0,18
2026-09-12T13:12:43.742305903Z,20.634473,120.274959,Cloud to Ground,31127,0,10
2026-09-12T13:12:43.886569000Z,20.7524,120.3076,Cloud to Ground,-79379,0,5
2026-09-12T13:12:44.147702424Z,20.529484,120.295162,Cloud to Ground,-58527,0,11
2026-09-12T13:12:51.026776099Z,1.700933,113.951762,Cloud to Ground,45001,0,13
2026-09-12T13:12:54.877604761Z,4.92998,114.787395,Cloud to Ground,26362,0,12
2026-09-12T13:12:54.955597173Z,19.968928,112.397902,Cloud to Ground,22923,0,8
2026-09-12T13:12:54.929477972Z,19.947912,112.395979,Cloud to Ground,23359,0,10
2026-09-12T13:12:55.134192129Z,4.902922,114.656139,Cloud to Ground,24298,0,7
2026-09-12T13:12:57.441943254Z,16.299899,121.555216,Cloud to Ground,14887,0,11
2026-09-12T13:12:57.438660260Z,16.31049,121.577681,Cloud to Cloud,16470,5165,7
2026-09-12T13:13:01.334153448Z,22.915756,133.303685,Cloud to Ground,-66615,0,13
2026-09-12T13:13:01.529319214Z,22.786253,133.386572,Cloud to Cloud,16527,6362,12
2026-09-12T13:13:01.555033272Z,22.715477,133.424439,Cloud to Ground,22841,0,8
2026-09-12T13:13:01.377044618Z,22.829279,133.386723,Cloud to Ground,31550,0,10
2026-09-12T13:13:01.527048599Z,22.812339,133.393288,Cloud to Cloud,34290,3007,11
2026-09-12T13:13:01.507354370Z,22.753108,133.382051,Cloud to Ground,53950,0,12
2026-09-12T13:13:08.473792529Z,20.085253,119.759652,Cloud to Ground,-50575,0,8
2026-09-12T13:13:10.800057580Z,5.031326,114.888863,Cloud to Cloud,-19219,3005,7
2026-09-12T13:13:10.324978750Z,4.917878,114.84133,Cloud to Ground,16916,0,7
2026-09-12T13:13:10.126612619Z,4.956719,114.821308,Cloud to Cloud,23580,3083,11
2026-09-12T13:13:10.932940214Z,1.662995,113.87568,Cloud to Ground,-24227,0,9
2026-09-12T13:13:10.902846247Z,1.567639,113.93418,Cloud to Ground,19243,0,7
2026-09-12T13:13:14.212045770Z,1.647813,114.008162,Cloud to Ground,29143,0,13
2026-09-12T13:13:17.482073572Z,5.007915,115.190838,Cloud to Ground,-31955,0,9
2026-09-12T13:13:17.219989164Z,5.048673,115.067593,Cloud to Ground,-29941,0,19
2026-09-12T13:13:17.508831202Z,5.041574,115.149456,Cloud to Cloud,-29792,3767,12
2026-09-12T13:13:17.243909808Z,5.018143,115.188018,Cloud to Ground,-24958,0,10
2026-09-12T13:13:17.594208997Z,4.994746,115.181494,Cloud to Cloud,18185,6730,6
2026-09-12T13:13:17.718570839Z,5.061294,115.155424,Cloud to Ground,22684,0,9
2026-09-12T13:13:17.388732745Z,5.082742,115.042264,Cloud to Ground,23589,0,6
2026-09-12T13:13:17.286793580Z,5.057181,115.025838,Cloud to Ground,24718,0,7
2026-09-12T13:13:17.441444607Z,5.024239,115.013248,Cloud to Ground,27295,0,6
2026-09-12T13:13:17.281089795Z,5.039601,115.032854,Cloud to Ground,27944,0,10
2026-09-12T13:13:17.256046907Z,5.00289,115.240076,Cloud to Ground,31780,0,20
2026-09-12T13:13:17.236941589Z,5.0264,115.096011,Cloud to Ground,33337,0,20
2026-09-12T13:13:17.323020033Z,5.044659,115.084361,Cloud to Ground,34710,0,24
2026-09-12T13:13:17.448177563Z,5.107995,115.203046,Cloud to Ground,35469,0,25
2026-09-12T13:13:17.368483863Z,5.008002,115.238092,Cloud to Ground,40706,0,20
2026-09-12T13:13:23.506715278Z,4.942911,114.798405,Cloud to Ground,29722,0,7
2026-09-12T13:13:23.589572843Z,5.001839,114.799664,Cloud to Ground,41606,0,7
2026-09-12T13:13:23.675249000Z,4.9828,114.7025,Cloud to Ground,46525,0,6
2026-09-12T13:13:28.651844676Z,17.798501,120.104783,Cloud to Ground,-30569,0,7
2026-09-12T13:13:28.614668000Z,17.765,119.9418,Cloud to Ground,-154864,0,11
2026-09-12T13:13:28.660835671Z,17.766691,119.984671,Cloud to Cloud,-25910,12303,10
2026-09-12T13:13:28.979610135Z,17.749524,119.871094,Cloud to Cloud,-19569,14516,6
2026-09-12T13:13:29.084925400Z,17.769606,119.988215,Cloud to Ground,-19140,0,11
2026-09-12T13:13:29.688052762Z,10.029568,111.285185,Cloud to Ground,28244,0,10
2026-09-12T13:13:37.227086861Z,5.084087,115.194095,Cloud to Ground,-22728,0,14
2026-09-12T13:13:37.458320924Z,5.009163,115.213847,Cloud to Ground,17620,0,8
2026-09-12T13:13:37.189374581Z,22.672456,133.329872,Cloud to Ground,-17903,0,8
2026-09-12T13:13:37.457270202Z,22.783736,133.322382,Cloud to Cloud,28971,7610,12
2026-09-12T13:13:39.041508058Z,5.005466,114.873467,Cloud to Ground,-30761,0,18
2026-09-12T13:13:39.078673627Z,4.931075,114.828969,Cloud to Ground,13686,0,7
2026-09-12T13:13:44.238860842Z,11.405256,111.633086,Cloud to Cloud,-17678,12475,9
2026-09-12T13:13:44.248972861Z,11.394027,111.578779,Cloud to Ground,17454,0,8
2026-09-12T13:13:44.237480731Z,11.366833,111.578028,Cloud to Ground,59845,0,8
2026-09-12T13:13:54.159249975Z,4.96493,114.83975,Cloud to Cloud,14055,3681,8
2026-09-12T13:13:57.159767151Z,5.022937,114.758841,Cloud to Ground,-31691,0,13
2026-09-12T13:13:57.425511616Z,4.962191,114.694321,Cloud to Cloud,12739,3277,7
2026-09-12T13:13:57.335933412Z,4.978876,114.750409,Cloud to Ground,28932,0,12
2026-09-12T13:13:57.028294018Z,4.983411,114.795159,Cloud to Ground,43262,0,16
2026-09-12T13:13:56.863789890Z,5.082715,114.756748,Cloud to Ground,57521,0,22
2026-09-12T13:13:59.231645266Z,16.109305,121.441992,Cloud to Cloud,6383,6569,8
2026-09-12T13:14:01.233135369Z,15.2288,115.990765,Cloud to Ground,-45805,0,8
2026-09-12T13:14:01.275324000Z,15.292,115.897,Cloud to Ground,25482,0,9
2026-09-12T13:14:01.238888000Z,15.5246,128.8539,Cloud to Ground,-18100,0,10
2026-09-12T13:14:06.479920000Z,8.6753,121.8197,Cloud to Ground,-138104,0,7
2026-09-12T13:14:06.553756054Z,8.680629,121.887056,Cloud to Ground,-70640,0,10
2026-09-12T13:14:06.568911043Z,8.669241,121.914479,Cloud to Ground,-26087,0,7
2026-09-12T13:14:11.615761483Z,1.785647,114.612728,Cloud to Ground,11455,0,7
2026-09-12T13:14:11.592012745Z,1.793613,114.624419,Cloud to Ground,21037,0,20
2026-09-12T13:14:13.935942871Z,11.493648,111.548325,Cloud to Cloud,-16133,19072,9
2026-09-12T13:14:13.258356602Z,16.632877,121.746064,Cloud to Cloud,8929,15467,7
2026-09-12T13:14:14.721609073Z,1.661296,113.941597,Cloud to Ground,-12613,0,6
2026-09-12T13:14:14.848863668Z,5.083869,115.205261,Cloud to Cloud,-21760,7459,8
2026-09-12T13:14:14.136912000Z,11.4605,111.7322,Cloud to Ground,-126518,0,6
2026-09-12T13:14:16.309506339Z,4.943645,114.775097,Cloud to Ground,27895,0,13
2026-09-12T13:14:18.713687891Z,2.036161,114.624125,Cloud to Ground,47448,0,13
2026-09-12T13:14:19.679324431Z,19.973718,119.747902,Cloud to Cloud,8224,4584,6
2026-09-12T13:14:19.684000323Z,19.970953,119.749816,Cloud to Cloud,10687,19833,6
2026-09-12T13:14:22.277960351Z,19.937338,112.506013,Cloud to Ground,-38197,0,11
2026-09-12T13:14:22.329739427Z,19.927638,112.517171,Cloud to Ground,24991,0,7
2026-09-12T13:14:22.289514306Z,19.976196,112.461706,Cloud to Ground,36975,0,9
2026-09-12T13:14:22.049868349Z,16.121761,121.396086,Cloud to Cloud,14596,13301,10
2026-09-12T13:14:24.740013021Z,22.747765,133.315366,Cloud to Ground,19715,0,8
2026-09-12T13:14:24.676852913Z,22.767987,133.417134,Cloud to Ground,11580,0,15
2026-09-12T13:14:24.590738070Z,22.755308,133.41547,Cloud to Ground,25872,0,7
2026-09-12T13:14:24.388973918Z,22.763222,133.422716,Cloud to Ground,71721,0,14
2026-09-12T13:14:31.143405628Z,5.019392,114.758243,Cloud to Ground,-32460,0,13
2026-09-12T13:14:30.951927985Z,4.889343,114.773649,Cloud to Cloud,-29214,3019,6
2026-09-12T13:14:31.219326714Z,4.873908,114.816753,Cloud to Cloud,-22637,5056,9
2026-09-12T13:14:30.796927280Z,4.947847,114.83021,Cloud to Cloud,-21334,7686,7
2026-09-12T13:14:31.211536896Z,4.950395,114.799088,Cloud to Cloud,-16972,12048,12
2026-09-12T13:14:31.305751463Z,5.080856,114.80787,Cloud to Cloud,14665,6037,7
2026-09-12T13:14:31.329940083Z,5.08101,114.791534,Cloud to Cloud,15564,12806,7
2026-09-12T13:14:31.246432003Z,4.958193,114.695267,Cloud to Ground,23848,0,8
2026-09-12T13:14:31.184795874Z,5.05557,114.791315,Cloud to Cloud,32875,18095,7
2026-09-12T13:14:30.984554163Z,4.976222,114.743819,Cloud to Ground,36895,0,12
2026-09-12T13:14:30.489177267Z,1.62394,113.945259,Cloud to Ground,-51594,0,28
2026-09-12T13:14:30.882804711Z,1.616875,114.017219,Cloud to Ground,26580,0,11
2026-09-12T13:14:31.210309315Z,5.030872,114.885407,Cloud to Cloud,12773,14111,7
2026-09-12T13:14:35.430883169Z,10.024386,111.274054,Cloud to Ground,14115,0,6
2026-09-12T13:14:43.110108652Z,17.765612,120.080322,Cloud to Cloud,-10641,7163,9
2026-09-12T13:14:45.221027000Z,1.6,113.9698,Cloud to Ground,-6884,0,12
2026-09-12T13:14:49.520932365Z,15.111646,116.132571,Cloud to Ground,30200,0,10
2026-09-12T13:14:49.486913206Z,15.093478,116.093092,Cloud to Ground,42694,0,8
2026-09-12T13:14:52.334322943Z,4.915822,114.782771,Cloud to Cloud,19040,6507,6
2026-09-12T13:14:52.189636950Z,4.97223,114.719497,Cloud to Ground,22775,0,8
2026-09-12T13:14:52.134911853Z,4.97026,114.693571,Cloud to Ground,73329,0,10
2026-09-12T13:14:56.733461375Z,5.001173,115.191198,Cloud to Ground,-16071,0,7
2026-09-12T13:14:56.968901246Z,5.025246,115.169877,Cloud to Cloud,13600,5480,6
2026-09-12T13:14:58.440062861Z,11.421833,111.777118,Cloud to Ground,-23607,0,8
2026-09-12T13:14:58.367145000Z,11.4549,111.6698,Cloud to Ground,-104606,0,14
2026-09-12T13:15:05.020051000Z,20.0728,119.7084,Cloud to Ground,-70879,0,7
2026-09-12T13:15:05.208458699Z,20.043018,119.770603,Cloud to Ground,-20747,0,10
2026-09-12T13:15:05.114486000Z,20.1238,119.7924,Cloud to Ground,-19964,0,6
2026-09-12T13:15:06.485701957Z,10.792792,112.035313,Cloud to Ground,-26186,0,12
2026-09-12T13:15:10.677105099Z,16.323279,121.564204,Cloud to Cloud,13246,12850,10
2026-09-12T13:15:12.330799828Z,4.966045,114.787298,Cloud to Ground,45204,0,14
2026-09-12T13:15:12.961569501Z,11.329833,111.600694,Cloud to Ground,-38798,0,11
2026-09-12T13:15:12.945264603Z,11.350279,111.591144,Cloud to Ground,-21247,0,7
2026-09-12T13:15:12.976963589Z,11.334434,111.538066,Cloud to Ground,44075,0,8
2026-09-12T13:15:13.002174527Z,11.350156,111.718671,Cloud to Ground,-20338,0,8
2026-09-12T13:15:19.267207881Z,4.972199,114.713007,Cloud to Ground,-21822,0,9
2026-09-12T13:15:19.195350020Z,4.978497,114.744529,Cloud to Ground,27454,0,10
2026-09-12T13:15:19.460307674Z,4.973518,114.751456,Cloud to Ground,29028,0,12
2026-09-12T13:15:19.411229779Z,4.978953,114.756237,Cloud to Ground,38246,0,8
2026-09-12T13:15:27.030700417Z,16.049195,121.448794,Cloud to Cloud,9747,6996,8
2026-09-12T13:15:28.842157439Z,4.935738,115.0182,Cloud to Ground,-37146,0,13
2026-09-12T13:15:28.757111922Z,5.019353,114.955227,Cloud to Ground,18591,0,10
2026-09-12T13:15:28.754957433Z,5.021814,114.992534,Cloud to Ground,22488,0,13
2026-09-12T13:15:28.755510982Z,5.025271,115.004188,Cloud to Ground,28630,0,10
2026-09-12T13:15:29.140242160Z,4.906312,114.805489,Cloud to Cloud,20189,7507,6
2026-09-12T13:15:29.098918989Z,4.907089,114.861108,Cloud to Ground,21006,0,6
2026-09-12T13:15:30.780136775Z,5.000296,115.170261,Cloud to Ground,17005,0,8
2026-09-12T13:15:30.799410352Z,4.997,115.18452,Cloud to Ground,18530,0,9
2026-09-12T13:15:30.526818815Z,4.999951,115.166992,Cloud to Ground,24089,0,10
2026-09-12T13:15:30.472795856Z,4.997463,115.233378,Cloud to Ground,28192,0,20
2026-09-12T13:15:30.643301750Z,5.001643,115.176686,Cloud to Ground,28922,0,8
2026-09-12T13:15:30.561719632Z,4.998021,115.139396,Cloud to Ground,58933,0,9
2026-09-12T13:15:32.320724112Z,4.973164,114.838708,Cloud to Cloud,-20117,3044,12
2026-09-12T13:15:31.851724618Z,4.962106,114.765235,Cloud to Ground,21226,0,9
2026-09-12T13:15:32.387808190Z,5.087515,114.861002,Cloud to Ground,-22318,0,7
2026-09-12T13:15:33.932675000Z,1.6282,114.0154,Cloud to Ground,-62886,0,6
2026-09-12T13:15:33.994174801Z,1.617647,113.930997,Cloud to Ground,27318,0,9
2026-09-12T13:15:51.856084000Z,20.0717,112.356,Cloud to Ground,-16841,0,7
2026-09-12T13:15:51.853935317Z,19.986088,112.375501,Cloud to Ground,52257,0,7
2026-09-12T13:15:53.448817100Z,4.961679,114.809911,Cloud to Ground,23546,0,10
2026-09-12T13:15:53.266380118Z,4.958373,114.788471,Cloud to Ground,24163,0,14
2026-09-12T13:15:53.544293354Z,4.951306,114.754382,Cloud to Ground,34449,0,8
2026-09-12T13:15:55.021170228Z,1.613142,113.953962,Cloud to Ground,16106,0,8
2026-09-12T13:15:59.262362039Z,16.331177,121.534038,Cloud to Cloud,20283,5996,8
2026-09-12T13:15:59.575991477Z,16.427795,121.478721,Cloud to Cloud,6271,15461,7
2026-09-12T13:16:01.834157491Z,15.095266,116.133921,Cloud to Ground,-13718,0,8
2026-09-12T13:16:01.780238873Z,15.107782,116.097355,Cloud to Ground,-12420,0,8
2026-09-12T13:16:01.971140308Z,15.091995,116.075422,Cloud to Cloud,17913,9049,6
2026-09-12T13:16:02.585083866Z,1.660659,113.976304,Cloud to Ground,-50650,0,24
2026-09-12T13:16:02.809862709Z,1.607751,114.00778,Cloud to Ground,27271,0,8
2026-09-12T13:16:02.677014936Z,1.613461,113.95867,Cloud to Ground,34301,0,13
2026-09-12T13:16:02.723758894Z,4.94727,114.86483,Cloud to Ground,16774,0,9
2026-09-12T13:16:08.578392947Z,5.117143,115.254032,Cloud to Ground,-23450,0,9
2026-09-12T13:16:08.677124401Z,16.266945,122.362001,Cloud to Cloud,-10070,3195,8
2026-09-12T13:16:08.670848861Z,16.27808,122.403503,Cloud to Cloud,11763,5017,9
2026-09-12T13:16:08.673611644Z,16.282219,122.395375,Cloud to Cloud,14124,14176,8
2026-09-12T13:16:10.559844000Z,4.986,114.8553,Cloud to Ground,-53548,0,7
2026-09-12T13:16:10.398672202Z,4.938012,114.861593,Cloud to Ground,-25337,0,10
2026-09-12T13:16:10.560359299Z,4.989708,114.845437,Cloud to Cloud,-23606,4859,12
2026-09-12T13:16:10.521376146Z,4.911819,114.776898,Cloud to Ground,33064,0,7
2026-09-12T13:16:10.426683387Z,4.908749,114.785473,Cloud to Ground,45495,0,9
2026-09-12T13:16:10.476207000Z,5.036,114.5833,Cloud to Ground,-10129,0,9
2026-09-12T13:16:12.772612310Z,4.855953,114.838661,Cloud to Ground,-26560,0,7
2026-09-12T13:16:12.752988476Z,4.78853,114.77446,Cloud to Cloud,-22401,3079,7
2026-09-12T13:16:12.771980305Z,4.813328,114.841317,Cloud to Ground,31328,0,7
2026-09-12T13:16:12.576934947Z,5.029021,114.867636,Cloud to Cloud,-13675,5826,14
2026-09-12T13:16:15.481326814Z,22.628931,133.320178,Cloud to Ground,-15689,0,7
2026-09-12T13:16:15.481974462Z,22.685263,133.302809,Cloud to Ground,8729,0,8
2026-09-12T13:16:15.619136595Z,22.642031,133.290246,Cloud to Cloud,9791,7693,7
2026-09-12T13:16:15.546843037Z,22.690279,133.306311,Cloud to Cloud,18254,3063,6
2026-09-12T13:16:16.492451621Z,22.787315,133.3378,Cloud to Ground,-14980,0,6
2026-09-12T13:16:16.497253128Z,22.799381,133.329973,Cloud to Ground,-12298,0,11
2026-09-12T13:16:17.990208455Z,1.603514,113.963943,Cloud to Ground,17038,0,6
2026-09-12T13:16:17.978489033Z,1.716134,113.961354,Cloud to Ground,-10511,0,10
2026-09-12T13:16:21.881393917Z,15.14271,115.899789,Cloud to Ground,-16160,0,8
2026-09-12T13:16:21.596898000Z,15.2563,115.9411,Cloud to Ground,34280,0,6
2026-09-12T13:16:25.207705000Z,15.0085,125.5776,Cloud to Ground,-35184,0,5
2026-09-12T13:16:25.142289000Z,15.0685,125.5689,Cloud to Ground,-32968,0,8
2026-09-12T13:16:25.111000000Z,14.9204,125.5449,Cloud to Ground,-68241,0,5
2026-09-12T13:16:25.068008000Z,14.8307,125.4686,Cloud to Ground,-93302,0,6
2026-09-12T13:16:25.239604183Z,14.745301,125.485541,Cloud to Cloud,21870,3450,7
2026-09-12T13:16:28.688022452Z,5.070309,114.805387,Cloud to Ground,31611,0,7
2026-09-12T13:16:28.548046686Z,4.961156,114.777968,Cloud to Ground,-21040,0,16
2026-09-12T13:16:28.746667017Z,4.954433,114.728208,Cloud to Ground,20285,0,6
2026-09-12T13:16:28.779095996Z,4.970562,114.746432,Cloud to Ground,21212,0,10
2026-09-12T13:16:28.689219562Z,4.939246,114.750154,Cloud to Ground,28911,0,8
2026-09-12T13:16:29.306568942Z,4.960586,114.783719,Cloud to Ground,33319,0,9
2026-09-12T13:16:28.638294044Z,4.972652,114.727638,Cloud to Ground,36755,0,8
2026-09-12T13:16:28.539984700Z,4.940279,114.810397,Cloud to Ground,54829,0,18
2026-09-12T13:16:29.217880023Z,4.960724,114.782508,Cloud to Ground,64411,0,10
2026-09-12T13:16:30.135941727Z,11.422924,111.702164,Cloud to Ground,-69904,0,13
2026-09-12T13:16:30.125625911Z,11.379333,111.594552,Cloud to Cloud,-39011,6544,8
2026-09-12T13:16:30.199980000Z,11.4707,111.6241,Cloud to Ground,-97108,0,13
2026-09-12T13:16:32.435123296Z,4.956553,114.81095,Cloud to Ground,-42787,0,20
2026-09-12T13:16:32.197381000Z,16.751,121.8348,Cloud to Ground,26169,0,5
2026-09-12T13:16:33.129597154Z,1.669308,113.950629,Cloud to Ground,-47723,0,22
2026-09-12T13:16:33.151423345Z,1.666206,113.956032,Cloud to Ground,-26351,0,10
2026-09-12T13:16:33.379025714Z,1.629456,113.969483,Cloud to Ground,26274,0,12
2026-09-12T13:16:33.225551899Z,1.607258,113.993191,Cloud to Ground,29822,0,11
2026-09-12T13:16:37.987091071Z,13.718188,117.633655,Cloud to Ground,-51429,0,9
2026-09-12T13:16:38.117130808Z,13.73207,117.625246,Cloud to Ground,-26187,0,10
2026-09-12T13:16:39.041786838Z,1.606336,113.91867,Cloud to Ground,13659,0,7
2026-09-12T13:16:40.244722784Z,5.028548,114.97257,Cloud to Ground,-16932,0,8
2026-09-12T13:16:40.317770416Z,5.040074,114.996364,Cloud to Cloud,-9528,16036,9
2026-09-12T13:16:40.220675000Z,5.0781,115.0616,Cloud to Ground,32959,0,6
2026-09-12T13:16:55.532356617Z,11.362169,111.60477,Cloud to Ground,46665,0,13
2026-09-12T13:17:04.636956467Z,20.069284,119.790213,Cloud to Ground,-49478,0,13
2026-09-12T13:17:07.427839260Z,4.95387,114.741356,Cloud to Ground,-62209,0,6
2026-09-12T13:17:07.245242721Z,4.93305,114.735611,Cloud to Ground,-46364,0,16
2026-09-12T13:17:07.681370489Z,5.007776,114.797841,Cloud to Ground,-43240,0,12
2026-09-12T13:17:07.381287573Z,4.931002,114.769511,Cloud to Ground,27363,0,12
2026-09-12T13:17:07.770873321Z,4.967881,114.803726,Cloud to Ground,31178,0,12
2026-09-12T13:17:07.832126445Z,4.950795,114.761099,Cloud to Ground,38928,0,6
2026-09-12T13:17:07.316436215Z,4.937175,114.796553,Cloud to Ground,46289,0,17
2026-09-12T13:17:07.430536880Z,19.985944,112.481311,Cloud to Cloud,-59432,7106,10
2026-09-12T13:17:07.420531002Z,19.987699,112.364505,Cloud to Cloud,-41924,19148,14
2026-09-12T13:17:08.207464308Z,1.636235,114.010019,Cloud to Ground,-22918,0,5
2026-09-12T13:17:08.019753345Z,1.628711,113.997305,Cloud to Ground,54769,0,11
2026-09-12T13:17:08.115108000Z,1.6256,113.7822,Cloud to Ground,35128,0,5
2026-09-12T13:17:08.310495000Z,1.5665,113.7552,Cloud to Ground,50428,0,6
2026-09-12T13:17:08.725065957Z,15.122374,116.103034,Cloud to Ground,28689,0,9
2026-09-12T13:17:08.614042238Z,15.097485,116.075287,Cloud to Ground,40000,0,7
2026-09-12T13:17:08.631500859Z,15.106016,116.089017,Cloud to Ground,44748,0,7
2026-09-12T13:17:08.668923900Z,15.116741,116.086627,Cloud to Ground,100773,0,9
2026-09-12T13:17:17.443952818Z,16.41764,122.479197,Cloud to Ground,-34587,0,8
2026-09-12T13:17:17.387782976Z,16.34394,122.512441,Cloud to Cloud,10442,4089,11
2026-09-12T13:17:17.345234204Z,16.344623,122.509532,Cloud to Ground,16336,0,9
2026-09-12T13:17:19.267860943Z,16.635172,121.722562,Cloud to Cloud,14118,4687,9
2026-09-12T13:17:26.012772966Z,4.937903,114.773323,Cloud to Ground,-19168,0,8
2026-09-12T13:17:32.502804511Z,10.263876,118.421568,Cloud to Ground,-39562,0,9
2026-09-12T13:17:33.974869398Z,1.614176,113.987486,Cloud to Ground,11757,0,7
2026-09-12T13:17:35.575876445Z,5.02941,114.837186,Cloud to Cloud,-8355,3066,7
2026-09-12T13:17:44.804704023Z,4.948719,114.747694,Cloud to Ground,19547,0,7
2026-09-12T13:17:45.129340749Z,4.951597,114.758904,Cloud to Ground,22296,0,10
2026-09-12T13:17:44.704835063Z,4.957,114.753274,Cloud to Ground,29639,0,8
2026-09-12T13:17:44.441118122Z,4.954574,114.789888,Cloud to Ground,31869,0,15
2026-09-12T13:17:44.628746585Z,5.012261,114.803919,Cloud to Ground,32671,0,7
2026-09-12T13:17:44.380225136Z,4.961011,114.802986,Cloud to Ground,33469,0,15
2026-09-12T13:17:44.335914863Z,4.955905,114.765677,Cloud to Ground,34539,0,13
2026-09-12T13:17:44.558977329Z,4.950435,114.746846,Cloud to Ground,35866,0,8
2026-09-12T13:17:48.506836100Z,4.964202,114.859004,Cloud to Ground,-15701,0,7
2026-09-12T13:17:48.371477221Z,4.922041,114.814131,Cloud to Ground,23357,0,6
2026-09-12T13:17:48.136260236Z,16.275072,121.533441,Cloud to Cloud,15794,3000,7
2026-09-12T13:17:48.130940000Z,16.517,121.478,Cloud to Ground,27585,0,6
2026-09-12T13:17:51.682985794Z,13.711583,117.634314,Cloud to Ground,-29274,0,8
2026-09-12T13:17:51.717348978Z,13.710407,117.633587,Cloud to Ground,-25703,0,8
2026-09-12T13:17:51.642035535Z,13.651576,117.548365,Cloud to Ground,70937,0,7
2026-09-12T13:17:53.169142000Z,1.5583,113.9761,Cloud to Ground,-50154,0,10
2026-09-12T13:17:53.220076936Z,1.676042,113.96823,Cloud to Ground,-42167,0,18
2026-09-12T13:17:53.344739000Z,1.6667,113.9465,Cloud to Ground,-31881,0,5
2026-09-12T13:17:53.258920940Z,1.666611,113.965487,Cloud to Ground,-23451,0,17
2026-09-12T13:17:53.128656859Z,1.610563,113.978092,Cloud to Ground,-18647,0,18
2026-09-12T13:17:53.377595322Z,1.645939,113.977501,Cloud to Ground,-16680,0,5
2026-09-12T13:17:53.130554989Z,1.623723,113.978178,Cloud to Ground,-15034,0,9
2026-09-12T13:17:53.558546306Z,1.638012,113.979789,Cloud to Ground,30248,0,8
2026-09-12T13:17:53.294044916Z,1.637447,113.948638,Cloud to Ground,36081,0,11
2026-09-12T13:17:58.526097544Z,22.528313,133.305781,Cloud to Cloud,-17267,3503,12
2026-09-12T13:17:58.550307929Z,22.682585,133.329643,Cloud to Ground,-18369,0,10
2026-09-12T13:17:58.529492699Z,22.697074,133.312848,Cloud to Ground,-15707,0,8
2026-09-12T13:17:58.524693126Z,22.378865,133.314623,Cloud to Cloud,11377,4316,7
2026-09-12T13:17:59.803108330Z,5.0364,114.74444,Cloud to Cloud,-45220,4077,22
2026-09-12T13:17:59.826070680Z,4.925848,114.770835,Cloud to Ground,18333,0,7
2026-09-12T13:17:59.762909014Z,17.747863,120.02356,Cloud to Cloud,15136,17473,7
2026-09-12T13:17:59.960486049Z,17.65524,119.972461,Cloud to Cloud,11506,3054,7
2026-09-12T13:17:59.756590000Z,17.5716,119.9285,Cloud to Ground,11611,0,5
2026-09-12T13:18:03.408774599Z,7.017686,125.709895,Cloud to Ground,-24311,0,18
2026-09-12T13:18:03.273061000Z,6.9888,125.6743,Cloud to Ground,-19266,0,10
2026-09-12T13:18:03.368125000Z,7.02,125.7302,Cloud to Ground,-13736,0,11
2026-09-12T13:18:05.802718663Z,1.63482,113.976523,Cloud to Ground,13505,0,7
2026-09-12T13:18:06.491708296Z,22.766089,133.337016,Cloud to Cloud,9502,3062,7
2026-09-12T13:18:06.459464798Z,22.766619,133.314648,Cloud to Ground,17684,0,11
2026-09-12T13:18:10.386665745Z,5.039124,114.840869,Cloud to Ground,-31934,0,23
2026-09-12T13:18:10.370921682Z,5.06549,114.94321,Cloud to Ground,19011,0,11
2026-09-12T13:18:10.082540331Z,4.97126,114.773056,Cloud to Cloud,12564,19554,7
2026-09-12T13:18:10.134124583Z,4.944591,114.775383,Cloud to Ground,29771,0,15
2026-09-12T13:18:13.716250494Z,1.631286,113.981111,Cloud to Ground,-14248,0,8
2026-09-12T13:18:13.694430148Z,1.631887,113.984299,Cloud to Ground,34192,0,13
2026-09-12T13:18:13.777651558Z,1.610861,114.003464,Cloud to Ground,57427,0,9
2026-09-12T13:18:14.254931686Z,15.14975,115.867373,Cloud to Cloud,18857,9473,7
2026-09-12T13:18:14.267053264Z,15.196054,115.975542,Cloud to Ground,-12495,0,8
2026-09-12T13:18:14.226922751Z,15.214421,115.970991,Cloud to Cloud,20786,3070,9
2026-09-12T13:18:15.120553307Z,1.685439,114.165948,Cloud to Ground,-19743,0,16
2026-09-12T13:18:22.045697275Z,1.626784,113.971344,Cloud to Ground,-21141,0,8
2026-09-12T13:18:24.653637958Z,1.581423,113.905954,Cloud to Ground,19201,0,7
2026-09-12T13:18:24.372597047Z,1.700659,113.991337,Cloud to Cloud,-15737,16935,12
2026-09-12T13:18:25.585781406Z,19.896778,111.729134,Cloud to Ground,-16711,0,10
2026-09-12T13:18:24.950496986Z,19.891592,111.736913,Cloud to Ground,58865,0,20
2026-09-12T13:18:25.223608635Z,19.812544,111.648652,Cloud to Cloud,-18075,7284,7
2026-09-12T13:18:24.954022754Z,19.842695,111.617146,Cloud to Ground,30075,0,9
2026-09-12T13:18:24.951927889Z,19.879778,111.600878,Cloud to Ground,48016,0,7
2026-09-12T13:18:26.299817147Z,4.960013,114.778744,Cloud to Ground,14356,0,5
2026-09-12T13:18:26.310861720Z,4.938203,114.769745,Cloud to Ground,22117,0,6
2026-09-12T13:18:26.455207515Z,4.972135,114.723541,Cloud to Ground,27507,0,5
2026-09-12T13:18:31.052549235Z,16.587178,121.28611,Cloud to Cloud,-6437,6772,9
2026-09-12T13:18:32.382747387Z,16.114246,121.395804,Cloud to Cloud,7493,6929,9
2026-09-12T13:18:32.379096433Z,16.108781,121.384259,Cloud to Ground,14345,0,9
2026-09-12T13:18:34.719678315Z,4.916554,114.815282,Cloud to Ground,38208,0,14
2026-09-12T13:18:38.829678129Z,1.777668,114.635046,Cloud to Ground,-33774,0,12
2026-09-12T13:18:38.830191198Z,1.800156,114.611116,Cloud to Ground,32418,0,10
2026-09-12T13:18:39.380174116Z,5.014185,115.202465,Cloud to Ground,-25827,0,11
2026-09-12T13:18:39.442937488Z,5.01984,115.157575,Cloud to Ground,28129,0,9
2026-09-12T13:18:39.841097375Z,5.025589,115.201296,Cloud to Ground,40790,0,10
2026-09-12T13:18:39.388795728Z,5.017117,115.214913,Cloud to Ground,126674,0,30
2026-09-12T13:18:44.535776383Z,19.948058,119.67897,Cloud to Ground,-9847,0,11
2026-09-12T13:18:46.377258444Z,22.768185,133.287651,Cloud to Ground,-25785,0,10
2026-09-12T13:18:46.420326462Z,22.767246,133.324029,Cloud to Ground,-6519,0,10
2026-09-12T13:18:47.223900025Z,4.936087,114.787463,Cloud to Cloud,10648,10698,7
2026-09-12T13:18:47.434899449Z,4.961604,114.880256,Cloud to Cloud,-19348,16247,8
2026-09-12T13:18:50.991265601Z,1.654364,113.934436,Cloud to Ground,-42126,0,15
2026-09-12T13:18:51.514593373Z,1.691146,113.975971,Cloud to Ground,-21776,0,9
2026-09-12T13:18:51.254183803Z,1.658694,114.001223,Cloud to Ground,13455,0,6
2026-09-12T13:18:51.089800326Z,1.720966,113.999662,Cloud to Ground,17061,0,15
2026-09-12T13:18:56.891308628Z,1.608416,114.058566,Cloud to Ground,22473,0,10
2026-09-12T13:18:57.667432397Z,16.316585,121.524648,Cloud to Cloud,20782,6588,12
2026-09-12T13:19:03.514493220Z,5.076085,114.99438,Cloud to Cloud,21062,3891,8
2026-09-12T13:19:03.515922368Z,5.10069,115.011147,Cloud to Cloud,22739,3102,9
2026-09-12T13:19:04.283124728Z,4.968619,114.785724,Cloud to Ground,-24896,0,15
2026-09-12T13:19:04.209582000Z,4.9415,114.6786,Cloud to Ground,-16505,0,6
2026-09-12T13:19:04.246917104Z,4.929789,114.8239,Cloud to Ground,28820,0,17
2026-09-12T13:19:04.115967475Z,4.947537,114.761232,Cloud to Ground,42170,0,7
2026-09-12T13:19:04.157644399Z,5.031389,114.799623,Cloud to Ground,59699,0,9
2026-09-12T13:19:05.530649551Z,19.966517,112.473648,Cloud to Ground,-42643,0,11
2026-09-12T13:19:05.604317372Z,19.986432,112.508661,Cloud to Ground,-22127,0,10
2026-09-12T13:19:05.573063447Z,19.952077,112.495006,Cloud to Ground,37830,0,7
2026-09-12T13:19:10.921402094Z,13.730855,117.629591,Cloud to Ground,-47027,0,9
2026-09-12T13:19:10.845757817Z,13.679224,117.539056,Cloud to Ground,-16548,0,8
2026-09-12T13:19:10.885016641Z,13.681941,117.532891,Cloud to Cloud,-11095,17031,9
2026-09-12T13:19:14.980772197Z,1.616455,113.93359,Cloud to Ground,18088,0,12
2026-09-12T13:19:14.868009002Z,1.708653,113.961572,Cloud to Ground,-12283,0,8
2026-09-12T13:19:17.641357719Z,20.597358,113.261278,Cloud to Cloud,7540,3160,7
2026-09-12T13:19:17.639354959Z,20.608705,113.264655,Cloud to Ground,24828,0,10
2026-09-12T13:19:18.281323379Z,20.756763,113.266566,Cloud to Ground,26205,0,7
2026-09-12T13:19:18.264604000Z,20.7958,113.3706,Cloud to Ground,2782,0,7
2026-09-12T13:19:20.727594100Z,5.033763,114.765768,Cloud to Ground,-25411,0,12
2026-09-12T13:19:20.714180044Z,4.997184,114.776122,Cloud to Ground,-24715,0,16
2026-09-12T13:19:25.818428790Z,1.673017,113.974621,Cloud to Ground,-58540,0,8
2026-09-12T13:19:26.094913000Z,1.6241,113.8815,Cloud to Ground,-41496,0,6
2026-09-12T13:19:35.355736151Z,20.013192,119.691273,Cloud to Cloud,8689,13936,7
2026-09-12T13:19:40.228554758Z,1.692011,113.969413,Cloud to Ground,77594,0,10
2026-09-12T13:19:46.908866109Z,16.623424,121.696597,Cloud to Cloud,9265,16492,7
2026-09-12T13:19:47.280305640Z,16.52616,121.753405,Cloud to Ground,15624,0,7
2026-09-12T13:19:47.640525000Z,16.4926,121.519,Cloud to Ground,-21516,0,6
2026-09-12T13:19:48.389794602Z,16.46027,121.526763,Cloud to Cloud,-7937,11398,6
2026-09-12T13:19:48.368569534Z,16.457046,121.530285,Cloud to Cloud,6101,5115,8
2026-09-12T13:19:49.360455448Z,1.63367,113.968286,Cloud to Ground,12925,0,7
2026-09-12T13:19:49.109188019Z,1.628721,113.975194,Cloud to Ground,14773,0,6
2026-09-12T13:19:49.156980013Z,1.644032,113.937698,Cloud to Ground,21591,0,8
2026-09-12T13:19:49.066528230Z,1.644586,113.954737,Cloud to Ground,37257,0,9
2026-09-12T13:19:49.064277018Z,11.499539,111.666469,Cloud to Ground,-36986,0,7
2026-09-12T13:19:52.159192791Z,5.030618,114.815782,Cloud to Cloud,-24458,3120,9
2026-09-12T13:19:52.137076020Z,4.96072,114.783765,Cloud to Ground,17930,0,8
2026-09-12T13:19:56.899633077Z,1.643472,113.962656,Cloud to Ground,12766,0,7
2026-09-12T13:19:56.201490552Z,10.20135,118.367823,Cloud to Ground,23477,0,9
2026-09-12T13:19:56.241567000Z,10.3613,118.3251,Cloud to Ground,-15020,0,5
2026-09-12T13:20:00.453258832Z,22.675966,133.282037,Cloud to Cloud,-9550,3007,11
2026-09-12T13:20:07.791655590Z,1.641824,113.971599,Cloud to Ground,51990,0,11
2026-09-12T13:20:10.970679920Z,11.394931,111.690201,Cloud to Ground,-35583,0,6
2026-09-12T13:20:10.939028000Z,11.4929,111.5348,Cloud to Ground,-64567,0,6
2026-09-12T13:20:10.804382000Z,11.3846,111.8021,Cloud to Ground,-95647,0,5
2026-09-12T13:20:10.939415000Z,15.1391,116.145,Cloud to Ground,-73474,0,9
2026-09-12T13:20:11.038556091Z,15.101779,116.128787,Cloud to Cloud,24629,6227,8
2026-09-12T13:20:15.326975914Z,16.573684,121.693258,Cloud to Cloud,13139,4021,7
2026-09-12T13:20:17.973053335Z,1.639148,113.941282,Cloud to Ground,31099,0,11
2026-09-12T13:20:18.074795000Z,1.6201,114.035,Cloud to Ground,-38929,0,5
2026-09-12T13:20:19.552084292Z,4.966862,114.774671,Cloud to Ground,-78046,0,21
2026-09-12T13:20:19.381607380Z,5.039595,114.774335,Cloud to Ground,-19901,0,11
2026-09-12T13:20:19.460067503Z,4.956493,114.778658,Cloud to Ground,28054,0,14
2026-09-12T13:20:19.409130110Z,4.959679,114.78676,Cloud to Ground,40985,0,18
2026-09-12T13:20:19.705162836Z,4.947632,114.736058,Cloud to Ground,42989,0,8
2026-09-12T13:20:19.362896514Z,4.95794,114.76416,Cloud to Ground,88052,0,10
2026-09-12T13:20:19.670598000Z,5.2183,114.661,Cloud to Ground,22671,0,5
2026-09-12T13:20:30.230514585Z,19.983607,112.277138,Cloud to Ground,69149,0,12
2026-09-12T13:20:30.033511167Z,19.983068,112.471196,Cloud to Ground,-37614,0,12
2026-09-12T13:20:30.100055020Z,19.970628,112.45267,Cloud to Ground,-27264,0,8
2026-09-12T13:20:30.140926210Z,19.993255,112.462507,Cloud to Ground,22925,0,13
2026-09-12T13:20:30.276364841Z,19.930359,112.487506,Cloud to Ground,26612,0,8
2026-09-12T13:20:30.401682761Z,19.935405,112.449521,Cloud to Ground,38031,0,7
2026-09-12T13:20:32.386121314Z,15.234006,115.983754,Cloud to Cloud,-23329,16261,8
2026-09-12T13:20:32.695920881Z,15.228786,115.994356,Cloud to Cloud,-20927,7886,11
2026-09-12T13:20:32.534322690Z,15.182072,115.960739,Cloud to Cloud,7665,7259,7
2026-09-12T13:20:32.291751284Z,15.183404,115.911936,Cloud to Cloud,19177,6743,8
2026-09-12T13:20:32.294129405Z,15.18966,115.871981,Cloud to Ground,25393,0,12
2026-09-12T13:20:32.291214725Z,15.204681,115.859558,Cloud to Ground,39072,0,12
2026-09-12T13:20:34.859668360Z,1.644031,114.04031,Cloud to Ground,-17618,0,6
2026-09-12T13:20:34.507213400Z,1.663444,113.954438,Cloud to Ground,18580,0,9
2026-09-12T13:20:39.280804382Z,5.058905,114.717609,Cloud to Ground,-41153,0,20
2026-09-12T13:20:39.229419785Z,5.010229,114.704265,Cloud to Ground,41012,0,8
2026-09-12T13:20:39.575446638Z,16.446382,121.528118,Cloud to Cloud,-34185,16150,10
2026-09-12T13:20:39.577651502Z,16.444825,121.52682,Cloud to Cloud,17412,16843,9
2026-09-12T13:20:40.081859909Z,16.316754,121.505701,Cloud to Cloud,-12364,3005,6
2026-09-12T13:20:45.862515436Z,11.356601,111.867168,Cloud to Ground,-38119,0,8
2026-09-12T13:20:46.433621592Z,5.145146,115.074758,Cloud to Ground,15751,0,8
2026-09-12T13:20:47.802161455Z,15.981964,121.337764,Cloud to Cloud,14329,3004,8
2026-09-12T13:20:47.799885311Z,16.014302,121.419617,Cloud to Ground,44908,0,13
2026-09-12T13:20:49.658276329Z,5.055254,114.83074,Cloud to Cloud,-15666,8508,12
2026-09-12T13:20:49.627226589Z,4.931641,114.763039,Cloud to Ground,23793,0,6
2026-09-12T13:20:55.945915096Z,1.650898,113.944685,Cloud to Ground,-27304,0,17
2026-09-12T13:20:56.100721908Z,1.654926,113.946312,Cloud to Ground,-20586,0,11
2026-09-12T13:20:55.562269902Z,1.608141,114.008145,Cloud to Ground,-12806,0,7
2026-09-12T13:20:56.056013629Z,1.629652,113.958995,Cloud to Ground,14764,0,8
2026-09-12T13:21:01.197783223Z,5.018802,114.998217,Cloud to Ground,25086,0,6
